Index	sample	start	end	tp53 start	tp53 end	reference	change
1	TCGA-CV-A45Q-01A	7676404	7676404	7983	7983	C	G
2	TCGA-CQ-A4CH-01A	7676385	7676385	7964	7964	A	-
3	TCGA-CV-A45X-01A	7676381	7676381	7960	7960	C	A
4	TCGA-CQ-5326-01A	7674216	7674216	5795	5795	C	A
5	TCGA-CN-4740-01A	7676273	7676273	7852	7852	C	T
6	TCGA-CV-7104-01A	7674291	7674291	5870	5870	C	T
7	TCGA-CV-7252-01A	7674949	7674950	6528	6529	-	AG
8	TCGA-CV-5436-01A	7673823	7673823	5402	5402	C	T
9	TCGA-CN-6021-01A	7676176	7676177	7755	7756	-	G
10	TCGA-BA-4076-01A	7675205	7675205	6784	6784	T	G
11	TCGA-CV-5435-01A	7676097	7676097	7676	7676	C	T
12	TCGA-CV-6959-01A	7676072	7676075	7651	7654	GGAA	-
13	TCGA-CQ-6228-01A	7676068	7676068	7647	7647	T	A
14	TCGA-C9-A47Z-01A	7674947	7674947	6526	6526	A	G
15	TCGA-CV-7263-01A	7676060	7676060	7639	7639	G	C
16	TCGA-CV-7422-01A	7676059	7676059	7638	7638	G	A
17	TCGA-CV-7413-01A	7676056	7676056	7635	7635	C	A
18	TCGA-UF-A7JO-01A	7674893	7674893	6472	6472	C	A
19	TCGA-CV-6956-01A	7676038	7676041	7617	7620	GACG	-
20	TCGA-CV-A465-01A	7676040	7676040	7619	7619	C	A
21	TCGA-CV-7437-01A	7676018	7676018	7597	7597	C	-
22	TCGA-CV-A6JD-01A	7675190	7675190	6769	6769	C	A
23	TCGA-CV-7432-01A	7674236	7674246	5815	5825	TGCAGGAACTG	-
24	TCGA-UF-A71E-01A	7675994	7675994	7573	7573	C	A
25	TCGA-CN-4726-01A	7675992	7675992	7571	7571	A	T
26	TCGA-CN-5370-01A	7675088	7675088	6667	6667	C	T
27	TCGA-CV-7430-01A	7675235	7675235	6814	6814	T	C
28	TCGA-CR-6493-01A	7674276	7674277	5855	5856	AC	-
29	TCGA-CV-7421-01A	7675232	7675232	6811	6811	G	A
30	TCGA-CV-7247-01A	7675216	7675216	6795	6795	C	G
31	TCGA-CV-7415-01A	7675214	7675214	6793	6793	A	T
32	TCGA-CV-7434-01A	7675209	7675209	6788	6788	A	-
33	TCGA-CN-6997-01A	7675206	7675206	6785	6785	G	A
34	TCGA-CV-6954-01A	7675161	7675197	6740	6776	GTGTGGAATCAACCCACAGCTGCACAGGGCAGGTCTT	-
35	TCGA-CV-7236-01A	7675185	7675185	6764	6764	C	T
36	TCGA-CV-5966-01A	7675161	7675161	6740	6740	G	T
37	TCGA-CQ-5332-01A	7675161	7675161	6740	6740	G	A
38	TCGA-CV-7103-01A	7675153	7675160	6732	6739	GGGCGGGG	-
39	TCGA-CV-7177-01A	7675160	7675160	6739	6739	G	T
40	TCGA-CV-A6JM-01A	7674953	7674953	6532	6532	T	A
41	TCGA-CN-A640-01A	7675143	7675144	6722	6723	CG	-
42	TCGA-DQ-5629-01A	7675143	7675143	6722	6722	C	A
43	TCGA-HD-8634-01A	7675139	7675139	6718	6718	C	A
44	TCGA-QK-A8Z8-01A	7675139	7675139	6718	6718	C	A
45	TCGA-CQ-5334-01A	7675115	7675115	6694	6694	G	C
46	TCGA-CV-A45Z-01A	7674972	7674972	6551	6551	C	T
47	TCGA-CN-5367-01A	7673803	7673803	5382	5382	G	A
48	TCGA-CV-7089-01A	7675124	7675124	6703	6703	T	C
49	TCGA-CV-7446-01A	7675124	7675124	6703	6703	T	C
50	TCGA-P3-A6SX-01A	7675123	7675123	6702	6702	G	C
51	TCGA-CV-7101-01A	7675101	7675101	6680	6680	C	A
52	TCGA-CN-4731-01A	7675101	7675101	6680	6680	C	A
53	TCGA-CV-5978-01A	7675098	7675098	6677	6677	C	A
54	TCGA-CN-5366-01A	7675095	7675095	6674	6674	C	T
55	TCGA-CV-6936-01A	7675095	7675095	6674	6674	C	A
56	TCGA-CV-7410-01A	7675088	7675094	6667	6673	CGCCTCA	-
57	TCGA-D6-6826-01A	7675094	7675094	6673	6673	A	C
58	TCGA-CV-7407-01A	7674225	7674225	5804	5804	C	T
59	TCGA-CV-7416-01A	7675088	7675088	6667	6667	C	T
60	TCGA-UF-A7JS-01A	7673776	7673776	5355	5355	G	A
61	TCGA-BA-6872-01A	7675088	7675088	6667	6667	C	T
62	TCGA-IQ-A61K-01A	7675088	7675088	6667	6667	C	T
63	TCGA-CR-7371-01A	7675088	7675088	6667	6667	C	T
64	TCGA-CQ-6225-01A	7675085	7675085	6664	6664	C	G
65	TCGA-CQ-5333-01A	7675085	7675085	6664	6664	C	A
66	TCGA-BA-A6DI-01A	7675085	7675085	6664	6664	C	T
67	TCGA-CV-6941-01A	7675066	7675083	6645	6662	GCAGCGCTCATGGTGGGG	-
68	TCGA-CV-A45Y-01A	7675079	7675080	6658	6659	-	G
69	TCGA-DQ-7588-01A	7675080	7675080	6659	6659	G	-
70	TCGA-CN-4736-01A	7674953	7674953	6532	6532	T	G
71	TCGA-CR-6478-01A	7675076	7675076	6655	6655	T	C
72	TCGA-BB-A5HY-01A	7675058	7675061	6637	6640	CTAT	-
73	TCGA-CV-6933-01A	7674957	7674957	6536	6536	G	A
74	TCGA-RS-A6TO-01A	7673776	7673776	5355	5355	G	A
75	TCGA-WA-A7GZ-01A	7674953	7674953	6532	6532	T	G
76	TCGA-QK-A8ZA-01A	7674953	7674953	6532	6532	T	A
77	TCGA-CV-6945-01A	7674953	7674953	6532	6532	T	A
78	TCGA-CN-5365-01A	7674953	7674953	6532	6532	T	A
79	TCGA-CV-6962-01A	7674953	7674953	6532	6532	T	C
80	TCGA-BA-6868-01B	7674950	7674950	6529	6529	A	G
81	TCGA-CV-7095-01A	7674945	7674945	6524	6524	G	A
82	TCGA-P3-A6T5-01A	7674944	7674944	6523	6523	C	G
83	TCGA-CN-5359-01A	7674929	7674929	6508	6508	A	T
84	TCGA-UF-A7JK-01A	7674913	7674927	6492	6506	CAAATACTCCACACG	-
85	TCGA-CV-6950-01A	7674923	7674923	6502	6502	A	-
86	TCGA-CV-6934-01A	7674917	7674917	6496	6496	T	C
87	TCGA-P3-A6T4-01A	7674916	7674916	6495	6495	A	T
88	TCGA-CV-6937-01A	7674914	7674914	6493	6493	A	-
89	TCGA-CN-5358-01A	7674904	7674905	6483	6484	TC	-
90	TCGA-CV-6951-01A	7674899	7674899	6478	6478	G	A
91	TCGA-CV-5434-01A	7674256	7674256	5835	5835	T	C
92	TCGA-UF-A7JD-01A	7674894	7674894	6473	6473	G	A
93	TCGA-IQ-A61O-01A	7674894	7674894	6473	6473	G	A
94	TCGA-CV-7438-01A	7674894	7674894	6473	6473	G	A
95	TCGA-CX-7082-01A	7674894	7674894	6473	6473	G	A
96	TCGA-CQ-6219-01A	7674893	7674893	6472	6472	C	G
97	TCGA-CV-7435-01A	7674872	7674872	6451	6451	T	C
98	TCGA-CV-A45W-01A	7673728	7673728	5307	5307	C	A
99	TCGA-CN-6020-01A	7674859	7674859	6438	6438	C	A
100	TCGA-T2-A6WZ-01A	7673806	7673806	5385	5385	C	T
101	TCGA-UF-A71A-01A	7674220	7674220	5799	5799	C	T
102	TCGA-UF-A71A-06A	7674220	7674220	5799	5799	C	T
103	TCGA-BA-4078-01A	7674292	7674292	5871	5871	T	C
104	TCGA-CV-A461-01A	7674256	7674256	5835	5835	T	C
105	TCGA-CN-6996-01A	7674250	7674250	5829	5829	C	A
106	TCGA-P3-A6T7-01A	7674250	7674250	5829	5829	C	-
107	TCGA-CV-6935-01A	7674239	7674239	5818	5818	A	T
108	TCGA-CV-7248-01A	7674238	7674238	5817	5817	C	A
109	TCGA-BA-6870-01A	7674238	7674238	5817	5817	C	T
110	TCGA-P3-A6T3-01A	7673704	7673704	5283	5283	G	A
111	TCGA-DQ-5631-01A	7670703	7670703	2282	2282	C	A
112	TCGA-CR-6474-01A	7674229	7674229	5808	5808	C	A
113	TCGA-CV-A6K2-01A	7674225	7674225	5804	5804	C	G
114	TCGA-CV-6953-01A	7674221	7674221	5800	5800	G	A
115	TCGA-CV-6943-01A	7674221	7674221	5800	5800	G	A
116	TCGA-CN-6018-01A	7674221	7674221	5800	5800	G	A
117	TCGA-CV-7180-01A	7674221	7674221	5800	5800	G	A
118	TCGA-CN-6022-01A	7674180	7674180	5759	5759	C	T
119	TCGA-P3-A5Q6-01A	7674220	7674220	5799	5799	C	T
120	TCGA-CV-7418-01A	7674216	7674216	5795	5795	C	A
121	TCGA-QK-A8Z9-01B	7674216	7674216	5795	5795	C	G
122	TCGA-CN-6989-01A	7674198	7674199	5777	5778	-	A
123	TCGA-CV-7254-01A	7674190	7674190	5769	5769	T	G
124	TCGA-BA-4074-01A	7674189	7674189	5768	5768	T	A
125	TCGA-CN-6024-01A	7673826	7673826	5405	5405	A	C
126	TCGA-CV-6960-01A	7673825	7673825	5404	5404	C	A
127	TCGA-CV-7102-01A	7673823	7673823	5402	5402	C	T
128	TCGA-CV-7178-01A	7673802	7673819	5381	5398	CGCACCTCAAAGCTGTTC	-
129	TCGA-CV-7253-01A	7673808	7673808	5387	5387	T	A
130	TCGA-UF-A7JT-01A	7673803	7673803	5382	5382	G	A
131	TCGA-CR-7388-01A	7673803	7673803	5382	5382	G	A
132	TCGA-QK-A64Z-01A	7673803	7673803	5382	5382	G	A
133	TCGA-CV-A460-01A	7673802	7673802	5381	5381	C	T
134	TCGA-D6-6515-01A	7673802	7673802	5381	5381	C	T
135	TCGA-BA-A6DD-01A	7673802	7673802	5381	5381	C	T
136	TCGA-CQ-6227-01A	7673802	7673802	5381	5381	C	T
137	TCGA-CV-6940-01A	7673784	7673801	5363	5380	CCAGGACAGGCACAAACA	-
138	TCGA-CV-7568-01A	7673788	7673788	5367	5367	G	A
139	TCGA-CQ-6220-01A	7673782	7673782	5361	5361	T	C
140	TCGA-BA-A6DG-01A	7673782	7673782	5361	5361	T	C
141	TCGA-CV-A463-01A	7673781	7673781	5360	5360	C	T
142	TCGA-CN-6013-01A	7673776	7673776	5355	5355	G	A
143	TCGA-CR-7380-01A	7673776	7673776	5355	5355	G	A
144	TCGA-CV-7099-01A	7673767	7673767	5346	5346	C	T
145	TCGA-QK-A6IG-01A	7673767	7673767	5346	5346	C	A
146	TCGA-CV-7414-01A	7673767	7673767	5346	5346	C	T
147	TCGA-CN-4742-01A	7673740	7673740	5319	5319	C	A
148	TCGA-CN-A498-01A	7673730	7673730	5309	5309	T	-
149	TCGA-CV-A45U-01A	7673728	7673728	5307	5307	C	A
150	TCGA-CN-5364-01A	7673728	7673728	5307	5307	C	A
151	TCGA-CN-A63W-01A	7673728	7673728	5307	5307	C	A
152	TCGA-CN-6995-01A	7673540	7673540	5119	5119	G	-
153	TCGA-CV-6948-01A	7673610	7673610	5189	5189	T	C
154	TCGA-CQ-A4C7-01A	7673707	7673707	5286	5286	T	A
155	TCGA-CV-7424-01A	7673704	7673704	5283	5283	G	A
156	TCGA-CN-6998-01A	7673704	7673704	5283	5283	G	A
157	TCGA-CR-7377-01A	7673704	7673704	5283	5283	G	A
158	TCGA-CV-7255-01A	7673704	7673704	5283	5283	G	A
159	TCGA-BA-4075-01A	7673699	7673699	5278	5278	A	C
160	TCGA-BB-A6UO-01A	7673699	7673699	5278	5278	A	C
161	TCGA-CV-5439-01A	7673578	7673579	5157	5158	-	G
162	TCGA-CN-4738-01A	7673537	7673537	5116	5116	G	A
163	TCGA-CR-7383-01A	7673534	7673534	5113	5113	C	T
164	TCGA-CV-7097-01A	7673522	7673533	5101	5112	CAAGACTTAGTA	-
165	TCGA-CN-4739-01A	7670700	7670700	2279	2279	G	A
166	TCGA-HD-8224-01A	7670700	7670700	2279	2279	G	A
167	TCGA-CV-7423-01A	7670694	7670694	2273	2273	C	A
168	TCGA-CV-A468-01A	7670685	7670685	2264	2264	G	A
169	TCGA-CV-A45T-01A	no variant	no variant	no variant	no variant	no variant	no variant
170	TCGA-CV-7427-01A	no variant	no variant	no variant	no variant	no variant	no variant
171	TCGA-CV-7250-01A	no variant	no variant	no variant	no variant	no variant	no variant
172	TCGA-CV-7411-01A	no variant	no variant	no variant	no variant	no variant	no variant
173	TCGA-CN-5361-01A	no variant	no variant	no variant	no variant	no variant	no variant
174	TCGA-BA-5559-01A	no variant	no variant	no variant	no variant	no variant	no variant
175	TCGA-BA-5153-01A	no variant	no variant	no variant	no variant	no variant	no variant
176	TCGA-CV-7406-01A	no variant	no variant	no variant	no variant	no variant	no variant
177	TCGA-CN-5374-01A	no variant	no variant	no variant	no variant	no variant	no variant
178	TCGA-CV-7425-01A	no variant	no variant	no variant	no variant	no variant	no variant
179	TCGA-CR-6471-01A	no variant	no variant	no variant	no variant	no variant	no variant
180	TCGA-BA-4077-01B	no variant	no variant	no variant	no variant	no variant	no variant
181	TCGA-DQ-5625-01A	no variant	no variant	no variant	no variant	no variant	no variant
182	TCGA-CR-7369-01A	no variant	no variant	no variant	no variant	no variant	no variant
183	TCGA-CN-6017-01A	no variant	no variant	no variant	no variant	no variant	no variant
184	TCGA-BA-5149-01A	no variant	no variant	no variant	no variant	no variant	no variant
185	TCGA-CV-7440-01A	no variant	no variant	no variant	no variant	no variant	no variant
186	TCGA-CV-6939-01A	no variant	no variant	no variant	no variant	no variant	no variant
187	TCGA-CQ-5325-01A	no variant	no variant	no variant	no variant	no variant	no variant
188	TCGA-CV-7433-01A	no variant	no variant	no variant	no variant	no variant	no variant
189	TCGA-UF-A7JC-01A	no variant	no variant	no variant	no variant	no variant	no variant
190	TCGA-CN-A49A-01A	no variant	no variant	no variant	no variant	no variant	no variant
191	TCGA-MZ-A6I9-01A	no variant	no variant	no variant	no variant	no variant	no variant
192	TCGA-CQ-A4CG-01A	no variant	no variant	no variant	no variant	no variant	no variant
193	TCGA-BA-A6DJ-01A	no variant	no variant	no variant	no variant	no variant	no variant
194	TCGA-CV-5970-01A	no variant	no variant	no variant	no variant	no variant	no variant
195	TCGA-KU-A66S-01A	no variant	no variant	no variant	no variant	no variant	no variant
196	TCGA-P3-A6T6-01A	no variant	no variant	no variant	no variant	no variant	no variant
197	TCGA-F7-A622-01A	no variant	no variant	no variant	no variant	no variant	no variant
198	TCGA-CV-6955-01A	no variant	no variant	no variant	no variant	no variant	no variant
199	TCGA-P3-A5QF-01A	no variant	no variant	no variant	no variant	no variant	no variant
200	TCGA-KU-A6H8-01A	no variant	no variant	no variant	no variant	no variant	no variant
201	TCGA-CV-6441-01A	no variant	no variant	no variant	no variant	no variant	no variant
202	TCGA-QK-A6II-01A	no variant	no variant	no variant	no variant	no variant	no variant
203	TCGA-CV-7100-01A	no variant	no variant	no variant	no variant	no variant	no variant
204	TCGA-CN-5363-01A	no variant	no variant	no variant	no variant	no variant	no variant
205	TCGA-BA-A6DF-01A	no variant	no variant	no variant	no variant	no variant	no variant
206	TCGA-MZ-A5BI-01A	no variant	no variant	no variant	no variant	no variant	no variant
207	TCGA-T2-A6WX-01A	no variant	no variant	no variant	no variant	no variant	no variant
208	TCGA-CV-A6JO-01B	no variant	no variant	no variant	no variant	no variant	no variant
209	TCGA-CV-6952-01A	no variant	no variant	no variant	no variant	no variant	no variant
210	TCGA-CV-6938-01A	no variant	no variant	no variant	no variant	no variant	no variant
211	TCGA-HD-A634-01A	no variant	no variant	no variant	no variant	no variant	no variant
212	TCGA-BA-6871-01A	no variant	no variant	no variant	no variant	no variant	no variant
213	TCGA-CV-7429-01A	no variant	no variant	no variant	no variant	no variant	no variant
214	TCGA-T3-A92N-01A	no variant	no variant	no variant	no variant	no variant	no variant
215	TCGA-UF-A7JV-01A	no variant	no variant	no variant	no variant	no variant	no variant
216	TCGA-CN-A642-01A	no variant	no variant	no variant	no variant	no variant	no variant
217	TCGA-CV-6961-01A	no variant	no variant	no variant	no variant	no variant	no variant
218	TCGA-CV-A45V-01A	no variant	no variant	no variant	no variant	no variant	no variant
219	TCGA-IQ-A61I-01A	no variant	no variant	no variant	no variant	no variant	no variant
220	TCGA-CN-5369-01A	no variant	no variant	no variant	no variant	no variant	no variant